{"activityLevel":180003,"activityList":[{"activeTime":2096713,"calorie":104.39889,"distance":2230.2268,"type":-1}],"age":31,"gender":"F","height":160.02,"stepCount":3164,"weight":62.41431}