{"activityLevel":180003,"activityList":[{"activeTime":3975821,"calorie":212.30573,"distance":4572.9062,"type":-1}],"age":32,"gender":"F","height":157.48,"stepCount":6342,"weight":59.82883}