{"activityLevel":180003,"activityList":[{"activeTime":2073876,"calorie":101.34789,"distance":2335.2878,"type":-1}],"age":32,"gender":"F","height":157.48,"stepCount":3295,"weight":59.82883}