{"activityLevel":0,"activityList":[{"activeTime":906226,"calorie":65.689,"distance":1046.0756,"type":15005},{"activeTime":4296797,"calorie":217.98181,"distance":4684.7544,"type":-1}],"age":31,"gender":"F","height":160.02,"stepCount":8179,"weight":63.185417}