{"activityLevel":180003,"activityList":[{"activeTime":657722,"calorie":49.0,"distance":565.53,"type":1001},{"activeTime":3050616,"calorie":158.46796,"distance":3317.3782,"type":-1}],"age":31,"gender":"F","height":160.02,"stepCount":5560,"weight":62.41431}