{"activityLevel":180003,"activityList":[{"activeTime":741367,"calorie":61.0,"distance":824.51,"type":1001},{"activeTime":1233043,"calorie":59.64532,"distance":1343.7546,"type":-1}],"age":32,"gender":"F","height":157.48,"stepCount":1937,"weight":59.82883}