{"activityLevel":0,"activityList":[{"activeTime":1240749,"calorie":69.99228,"distance":1514.8975,"type":1001},{"activeTime":1709055,"calorie":87.43632,"distance":1866.7458,"type":-1}],"age":30,"gender":"F","height":160.02,"stepCount":4692,"weight":63.6391}