{"activityLevel":180003,"activityList":[{"activeTime":2511816,"calorie":131.71777,"distance":2803.6187,"type":-1}],"age":31,"gender":"F","height":160.02,"stepCount":4003,"weight":62.41431}