{"activityLevel":180003,"activityList":[{"activeTime":2563188,"calorie":133.47624,"distance":2829.2007,"type":-1}],"age":31,"gender":"F","height":160.02,"stepCount":4019,"weight":61.96072}