{"activityLevel":180003,"activityList":[{"activeTime":487013,"calorie":24.186914,"distance":534.96594,"type":-1}],"age":32,"gender":"F","height":157.48,"stepCount":751,"weight":60.736015}