{"activityLevel":0,"activityList":[{"activeTime":2219392,"calorie":123.52516,"distance":2733.0261,"type":1001},{"activeTime":3760435,"calorie":188.73958,"distance":4043.648,"type":-1}],"age":31,"gender":"F","height":160.02,"stepCount":9589,"weight":63.185417}