{"activityLevel":180003,"activityList":[{"activeTime":2515867,"calorie":134.41974,"distance":2811.6445,"type":-1}],"age":31,"gender":"F","height":160.02,"stepCount":4020,"weight":62.41431}