{"activityLevel":0,"activityList":[{"activeTime":1359927,"calorie":115.0,"distance":1432.69,"type":1001},{"activeTime":1920331,"calorie":96.41236,"distance":2047.4719,"type":-1}],"age":31,"gender":"F","height":160.02,"stepCount":5037,"weight":63.185417}