{"activityLevel":180003,"activityList":[{"activeTime":3149146,"calorie":157.51077,"distance":3390.521,"type":-1}],"age":31,"gender":"F","height":160.02,"stepCount":4804,"weight":61.96072}