{"activityLevel":180003,"activityList":[{"activeTime":4149985,"calorie":206.58237,"distance":4433.1772,"type":-1}],"age":31,"gender":"F","height":160.02,"stepCount":6406,"weight":62.41431}