{"activityLevel":0,"activityList":[{"activeTime":1259485,"calorie":72.7948,"distance":1523.7461,"type":1001},{"activeTime":3332676,"calorie":182.98584,"distance":3881.9805,"type":-1}],"age":30,"gender":"F","height":160.02,"stepCount":7681,"weight":63.185417}