{"activityLevel":180003,"activityList":[{"activeTime":948072,"calorie":46.442844,"distance":1015.2734,"type":-1}],"age":31,"gender":"F","height":160.02,"stepCount":1425,"weight":61.96072}