{"activityLevel":180003,"activityList":[{"activeTime":2356592,"calorie":301.32,"distance":0.0,"type":6002},{"activeTime":2413423,"calorie":120.32165,"distance":2739.8806,"type":-1}],"age":32,"gender":"F","height":157.48,"stepCount":3906,"weight":59.82883}