{"activityLevel":180003,"activityList":[{"activeTime":4217938,"calorie":218.68748,"distance":4840.827,"type":-1}],"age":31,"gender":"F","height":160.02,"stepCount":6774,"weight":61.96072}