{"activityLevel":180003,"activityList":[{"activeTime":4124059,"calorie":207.03041,"distance":4768.259,"type":-1}],"age":32,"gender":"F","height":157.48,"stepCount":6708,"weight":59.82883}