{"activityLevel":180003,"activityList":[{"activeTime":820949,"calorie":39.359085,"distance":896.01294,"type":1001},{"activeTime":4488969,"calorie":227.18213,"distance":5158.071,"type":-1}],"age":32,"gender":"F","height":157.48,"stepCount":8422,"weight":60.9629}