{"activityLevel":180003,"activityList":[{"activeTime":696437,"calorie":39.456024,"distance":903.2117,"type":1001},{"activeTime":161558,"calorie":7.464177,"distance":167.96857,"type":-1}],"age":31,"gender":"F","height":160.02,"stepCount":1463,"weight":60.5093}