{"activityLevel":180003,"activityList":[{"activeTime":4512000,"calorie":155.0,"distance":2000.0,"type":1001},{"activeTime":237807,"calorie":20.348022,"distance":0.0,"type":15005},{"activeTime":882537,"calorie":42.56974,"distance":962.2212,"type":-1}],"age":31,"gender":"F","height":160.02,"stepCount":2401,"weight":59.6928}