{"activityLevel":180003,"activityList":[{"activeTime":2301000,"calorie":111.92322,"distance":2405.3438,"type":-1}],"age":31,"gender":"F","height":160.02,"stepCount":3500,"weight":62.41431}