{"activityLevel":180003,"activityList":[{"activeTime":4601020,"calorie":234.67163,"distance":5064.7524,"type":-1}],"age":31,"gender":"F","height":160.02,"stepCount":7179,"weight":62.41431}