{"activityLevel":180003,"activityList":[{"activeTime":4619085,"calorie":227.35516,"distance":4884.5527,"type":-1}],"age":31,"gender":"F","height":160.02,"stepCount":7099,"weight":62.41431}