{"activityLevel":180003,"activityList":[{"activeTime":1259857,"calorie":70.97365,"distance":1641.7083,"type":1001},{"activeTime":758215,"calorie":36.498222,"distance":809.84406,"type":-1}],"age":31,"gender":"F","height":160.02,"stepCount":3436,"weight":60.6}