{"activityLevel":180003,"activityList":[{"activeTime":4312995,"calorie":232.14195,"distance":5345.553,"type":-1}],"age":32,"gender":"F","height":157.48,"stepCount":7572,"weight":59.82883}