{"activityLevel":180003,"activityList":[{"activeTime":2402955,"calorie":121.75049,"distance":2798.853,"type":-1}],"age":32,"gender":"F","height":157.48,"stepCount":3927,"weight":59.82883}