{"activityLevel":180003,"activityList":[{"activeTime":2359287,"calorie":118.88322,"distance":2607.4568,"type":-1}],"age":31,"gender":"F","height":160.02,"stepCount":3719,"weight":62.41431}