{"activityLevel":0,"activityList":[{"activeTime":2450057,"calorie":194.0,"distance":2872.52,"type":1001},{"activeTime":4890651,"calorie":251.46951,"distance":5574.3516,"type":-1}],"age":31,"gender":"F","height":160.02,"stepCount":11984,"weight":63.185417}