{"activityLevel":180003,"activityList":[{"activeTime":1433396,"calorie":70.534164,"distance":1586.5093,"type":-1}],"age":31,"gender":"F","height":160.02,"stepCount":2174,"weight":61.96072}