{"activityLevel":180003,"activityList":[{"activeTime":2971075,"calorie":151.66466,"distance":3168.7517,"type":-1}],"age":31,"gender":"F","height":160.02,"stepCount":4583,"weight":62.41431}