{"activityLevel":180003,"activityList":[{"activeTime":1277000,"calorie":65.22077,"distance":1351.9377,"type":-1}],"age":31,"gender":"F","height":160.02,"stepCount":1931,"weight":61.96072}