{"activityLevel":0,"activityList":[{"activeTime":827233,"calorie":47.63974,"distance":1037.6606,"type":1001},{"activeTime":4410285,"calorie":232.06013,"distance":5077.9053,"type":-1}],"age":31,"gender":"F","height":160.02,"stepCount":8550,"weight":63.185417}