{"activityLevel":180003,"activityList":[{"activeTime":1862774,"calorie":93.835266,"distance":1999.0801,"type":-1}],"age":31,"gender":"F","height":160.02,"stepCount":2870,"weight":62.41431}