{"activityLevel":180003,"activityList":[{"activeTime":4716074,"calorie":269.17477,"distance":5501.9375,"type":-1}],"age":32,"gender":"F","height":157.48,"stepCount":7503,"weight":59.82883}