{"activityLevel":180003,"activityList":[{"activeTime":660589,"calorie":34.151897,"distance":706.51556,"type":-1}],"age":31,"gender":"F","height":160.02,"stepCount":1006,"weight":61.96072}