{"activityLevel":0,"activityList":[{"activeTime":950726,"calorie":81.396,"distance":1365.01,"type":1001},{"activeTime":3490744,"calorie":182.63937,"distance":3969.102,"type":-1}],"age":31,"gender":"F","height":160.02,"stepCount":7378,"weight":63.185417}