{"activityLevel":180003,"activityList":[{"activeTime":938510,"calorie":46.898037,"distance":1016.7733,"type":-1}],"age":31,"gender":"F","height":160.02,"stepCount":1449,"weight":62.41431}