{"activityLevel":180003,"activityList":[{"activeTime":3708327,"calorie":194.17868,"distance":4135.6953,"type":-1}],"age":31,"gender":"F","height":160.02,"stepCount":5903,"weight":62.41431}