{"activityLevel":180003,"activityList":[{"activeTime":2772195,"calorie":133.80222,"distance":2988.4346,"type":-1}],"age":31,"gender":"F","height":160.02,"stepCount":4288,"weight":61.96072}