{"activityLevel":180003,"activityList":[{"activeTime":1848683,"calorie":92.12694,"distance":2053.7803,"type":-1}],"age":31,"gender":"F","height":160.02,"stepCount":2902,"weight":62.41431}