{"activityLevel":180003,"activityList":[{"activeTime":3104191,"calorie":162.70988,"distance":3599.6626,"type":-1}],"age":32,"gender":"F","height":157.48,"stepCount":5040,"weight":59.82883}