{"activityLevel":180003,"activityList":[{"activeTime":632939,"calorie":43.0,"distance":565.23,"type":1001},{"activeTime":5437687,"calorie":468.50067,"distance":0.0,"type":5001},{"activeTime":4358008,"calorie":217.55164,"distance":4696.1553,"type":-1}],"age":31,"gender":"F","height":160.02,"stepCount":7805,"weight":62.41431}