{"activityLevel":0,"activityList":[{"activeTime":1087456,"calorie":105.83,"distance":0.0,"type":0},{"activeTime":600414,"calorie":57.592,"distance":949.51495,"type":15005},{"activeTime":2528539,"calorie":130.23625,"distance":2882.5823,"type":-1}],"age":31,"gender":"F","height":160.02,"stepCount":5357,"weight":63.185417}