{"activityLevel":180003,"activityList":[{"activeTime":4393437,"calorie":224.58958,"distance":5082.4688,"type":-1}],"age":32,"gender":"F","height":157.48,"stepCount":7111,"weight":60.736015}