{"activityLevel":180003,"activityList":[{"activeTime":5936794,"calorie":296.95264,"distance":6370.813,"type":-1}],"age":31,"gender":"F","height":160.02,"stepCount":9103,"weight":62.41431}