{"activityLevel":180003,"activityList":[{"activeTime":4162754,"calorie":210.29553,"distance":4569.129,"type":-1}],"age":31,"gender":"F","height":160.02,"stepCount":6413,"weight":61.96072}