{"activityLevel":180003,"activityList":[{"activeTime":1062743,"calorie":61.613647,"distance":1403.7251,"type":1001},{"activeTime":4328882,"calorie":220.46623,"distance":4829.602,"type":-1}],"age":31,"gender":"F","height":160.02,"stepCount":8806,"weight":62.41431}