{"activityLevel":180003,"activityList":[{"activeTime":2863123,"calorie":142.74475,"distance":3296.3254,"type":-1}],"age":32,"gender":"F","height":157.48,"stepCount":4608,"weight":59.82883}