{"activityLevel":180003,"activityList":[{"activeTime":3137776,"calorie":165.63287,"distance":3790.9841,"type":-1}],"age":32,"gender":"F","height":157.48,"stepCount":5361,"weight":60.28242}