{"activityLevel":180003,"activityList":[{"activeTime":1006366,"calorie":51.76352,"distance":1168.7542,"type":-1}],"age":32,"gender":"F","height":157.48,"stepCount":1631,"weight":60.736015}