{"activityLevel":0,"activityList":[{"activeTime":648607,"calorie":42.391083,"distance":944.7822,"type":1001},{"activeTime":6025990,"calorie":310.84875,"distance":6712.507,"type":-1}],"age":31,"gender":"F","height":160.02,"stepCount":10866,"weight":63.185417}