{"activityLevel":180003,"activityList":[{"activeTime":3319827,"calorie":171.24002,"distance":3624.0881,"type":-1}],"age":31,"gender":"F","height":160.02,"stepCount":5113,"weight":62.41431}