{"activityLevel":180003,"activityList":[{"activeTime":3205483,"calorie":166.64728,"distance":3799.8623,"type":-1}],"age":32,"gender":"F","height":157.48,"stepCount":5340,"weight":59.82883}