{"activityLevel":180003,"activityList":[{"activeTime":615286,"calorie":44.0,"distance":594.69,"type":1001},{"activeTime":2980216,"calorie":152.83405,"distance":3304.9365,"type":-1}],"age":31,"gender":"F","height":160.02,"stepCount":5522,"weight":62.41431}