{"activityLevel":180003,"activityList":[{"activeTime":4612630,"calorie":231.45042,"distance":4915.084,"type":-1}],"age":31,"gender":"F","height":160.02,"stepCount":7105,"weight":61.96072}