{"activityLevel":180003,"activityList":[{"activeTime":2577268,"calorie":122.355934,"distance":2866.9111,"type":-1}],"age":32,"gender":"F","height":157.48,"stepCount":4061,"weight":59.82883}