{"activityLevel":180003,"activityList":[{"activeTime":1665094,"calorie":84.659515,"distance":1915.4308,"type":-1}],"age":32,"gender":"F","height":157.48,"stepCount":2672,"weight":59.82883}