{"activityLevel":180003,"activityList":[{"activeTime":3968129,"calorie":220.06635,"distance":4760.6646,"type":-1}],"age":32,"gender":"F","height":157.48,"stepCount":6637,"weight":59.82883}