{"activityLevel":180003,"activityList":[{"activeTime":670738,"calorie":53.0,"distance":542.97,"type":1001},{"activeTime":4779803,"calorie":252.72636,"distance":5357.8325,"type":-1}],"age":31,"gender":"F","height":160.02,"stepCount":8341,"weight":62.41431}