{"activityLevel":180003,"activityList":[{"activeTime":2990506,"calorie":150.71747,"distance":3422.225,"type":-1}],"age":32,"gender":"F","height":157.48,"stepCount":4870,"weight":60.28242}