{"activityLevel":180003,"activityList":[{"activeTime":1311992,"calorie":63.197693,"distance":1397.5068,"type":1001},{"activeTime":4475361,"calorie":238.88968,"distance":5137.761,"type":-1}],"age":31,"gender":"F","height":160.02,"stepCount":9136,"weight":62.0061}