{"activityLevel":180003,"activityList":[{"activeTime":3860257,"calorie":196.42033,"distance":4246.7676,"type":-1}],"age":31,"gender":"F","height":160.02,"stepCount":5931,"weight":61.96072}