{"activityLevel":180003,"activityList":[{"activeTime":1799289,"calorie":91.371735,"distance":1897.214,"type":-1}],"age":31,"gender":"F","height":160.02,"stepCount":2718,"weight":62.41431}