{"activityLevel":180003,"activityList":[{"activeTime":1292524,"calorie":98.0,"distance":1132.3,"type":1001},{"activeTime":1271777,"calorie":66.352486,"distance":1385.3353,"type":-1}],"age":31,"gender":"F","height":160.02,"stepCount":3678,"weight":62.41431}