{"activityLevel":180003,"activityList":[{"activeTime":1977576,"calorie":94.91689,"distance":2197.6692,"type":-1}],"age":32,"gender":"F","height":157.48,"stepCount":3098,"weight":59.82883}