{"activityLevel":180003,"activityList":[{"activeTime":4812297,"calorie":249.25352,"distance":5649.758,"type":-1}],"age":32,"gender":"F","height":157.48,"stepCount":7928,"weight":60.28242}