{"activityLevel":180003,"activityList":[{"activeTime":3296140,"calorie":161.50201,"distance":3766.1729,"type":-1}],"age":32,"gender":"F","height":157.48,"stepCount":5309,"weight":59.82883}