{"activityLevel":0,"activityList":[{"activeTime":3420423,"calorie":273.0,"distance":3844.3398,"type":1001},{"activeTime":3797373,"calorie":195.20547,"distance":4232.198,"type":-1}],"age":31,"gender":"F","height":160.02,"stepCount":11516,"weight":63.185417}