{"activityLevel":180003,"activityList":[{"activeTime":2320052,"calorie":115.75849,"distance":2470.1665,"type":-1}],"age":31,"gender":"F","height":160.02,"stepCount":3511,"weight":62.41431}