{"activityLevel":0,"activityList":[{"activeTime":1850640,"calorie":147.59799,"distance":1940.622,"type":1001},{"activeTime":3853782,"calorie":201.77763,"distance":4427.313,"type":-1}],"age":31,"gender":"F","height":160.02,"stepCount":9029,"weight":63.6391}