{"activityLevel":180003,"activityList":[{"activeTime":2830510,"calorie":143.88603,"distance":3078.4697,"type":-1}],"age":31,"gender":"F","height":160.02,"stepCount":4373,"weight":61.96072}