{"activityLevel":180003,"activityList":[{"activeTime":719203,"calorie":58.0,"distance":717.75,"type":1001},{"activeTime":3327775,"calorie":182.32388,"distance":3814.9133,"type":-1}],"age":31,"gender":"F","height":160.02,"stepCount":6406,"weight":62.41431}