{"activityLevel":180003,"activityList":[{"activeTime":749017,"calorie":56.0,"distance":671.55,"type":1001},{"activeTime":2787323,"calorie":144.40387,"distance":3023.4607,"type":-1}],"age":31,"gender":"F","height":160.02,"stepCount":5313,"weight":62.41431}