{"activityLevel":180003,"activityList":[{"activeTime":743384,"calorie":59.0,"distance":569.93,"type":1001},{"activeTime":5081459,"calorie":254.89233,"distance":5524.344,"type":-1}],"age":31,"gender":"F","height":160.02,"stepCount":8954,"weight":61.96072}