{"activityLevel":180003,"activityList":[{"activeTime":682422,"calorie":59.0,"distance":860.73,"type":1001},{"activeTime":3743677,"calorie":199.12856,"distance":4317.112,"type":-1}],"age":31,"gender":"F","height":160.02,"stepCount":7126,"weight":62.41431}