{"activityLevel":180003,"activityList":[{"activeTime":3207861,"calorie":155.72165,"distance":3623.2866,"type":-1}],"age":32,"gender":"F","height":157.48,"stepCount":5112,"weight":59.82883}