{"activityLevel":180003,"activityList":[{"activeTime":1575553,"calorie":128.0,"distance":1320.3999,"type":1001},{"activeTime":5282412,"calorie":260.56296,"distance":5729.0327,"type":-1}],"age":31,"gender":"F","height":160.02,"stepCount":10042,"weight":62.41431}