{"activityLevel":180003,"activityList":[{"activeTime":10498021,"calorie":904.4893,"distance":0.0,"type":5001},{"activeTime":3308847,"calorie":167.45984,"distance":3730.1035,"type":-1}],"age":31,"gender":"F","height":160.02,"stepCount":5467,"weight":62.41431}