{"activityLevel":0,"activityList":[{"activeTime":1525921,"calorie":115.0,"distance":1415.96,"type":1001},{"activeTime":4258517,"calorie":225.47163,"distance":4903.842,"type":-1}],"age":31,"gender":"F","height":160.02,"stepCount":8987,"weight":63.185417}