{"activityLevel":0,"activityList":[{"activeTime":1318343,"calorie":102.0,"distance":1034.8,"type":1001},{"activeTime":5648429,"calorie":297.94324,"distance":6259.4375,"type":-1}],"age":31,"gender":"F","height":160.02,"stepCount":10424,"weight":63.185417}