{"activityLevel":180003,"activityList":[{"activeTime":2796055,"calorie":137.45192,"distance":3186.5552,"type":-1}],"age":32,"gender":"F","height":157.48,"stepCount":4526,"weight":59.82883}