{"activityLevel":180003,"activityList":[{"activeTime":3955189,"calorie":204.53221,"distance":4457.227,"type":-1}],"age":31,"gender":"F","height":160.02,"stepCount":6327,"weight":62.41431}