{"activityLevel":180003,"activityList":[{"activeTime":3392438,"calorie":176.34038,"distance":4049.6292,"type":-1}],"age":32,"gender":"F","height":157.48,"stepCount":5735,"weight":60.736015}