{"activityLevel":180003,"activityList":[{"activeTime":2946424,"calorie":143.03786,"distance":3293.4692,"type":-1}],"age":32,"gender":"F","height":157.48,"stepCount":4652,"weight":59.82883}