{"activityLevel":0,"activityList":[{"activeTime":2803648,"calorie":370.013,"distance":4983.743,"type":1002},{"activeTime":4025737,"calorie":219.39572,"distance":4463.4746,"type":-1}],"age":31,"gender":"F","height":160.02,"stepCount":11080,"weight":63.185417}