{"activityLevel":180003,"activityList":[{"activeTime":1966850,"calorie":107.29749,"distance":2494.3567,"type":1001},{"activeTime":447053,"calorie":21.801546,"distance":489.6312,"type":-1}],"age":31,"gender":"F","height":160.02,"stepCount":4121,"weight":59.8289}