{"activityLevel":0,"activityList":[{"activeTime":1348957,"calorie":103.0,"distance":1342.9199,"type":1001},{"activeTime":7263000,"calorie":376.60983,"distance":8176.92,"type":-1}],"age":31,"gender":"F","height":160.02,"stepCount":13703,"weight":63.185417}