{"activityLevel":0,"activityList":[{"activeTime":839952,"calorie":44.270813,"distance":952.13086,"type":1001},{"activeTime":4767940,"calorie":255.04889,"distance":5456.7676,"type":-1}],"age":30,"gender":"F","height":160.02,"stepCount":9033,"weight":63.6391}