{"activityLevel":180003,"activityList":[{"activeTime":4066818,"calorie":208.52333,"distance":4731.168,"type":-1}],"age":32,"gender":"F","height":157.48,"stepCount":6663,"weight":59.82883}