{"activityLevel":180003,"activityList":[{"activeTime":2006748,"calorie":101.51933,"distance":2220.8032,"type":-1}],"age":31,"gender":"F","height":160.02,"stepCount":3065,"weight":62.41431}