{"activityLevel":180003,"activityList":[{"activeTime":2950699,"calorie":262.0,"distance":2623.98,"type":1001},{"activeTime":3907469,"calorie":197.61751,"distance":4278.377,"type":-1}],"age":31,"gender":"F","height":160.02,"stepCount":9994,"weight":62.41431}