{"activityLevel":180003,"activityList":[{"activeTime":651907,"calorie":52.0,"distance":669.11,"type":1001},{"activeTime":5337668,"calorie":272.09122,"distance":5978.447,"type":-1}],"age":31,"gender":"F","height":160.02,"stepCount":9332,"weight":62.41431}