{"activityLevel":0,"activityList":[{"activeTime":765216,"calorie":48.75963,"distance":1099.6777,"type":1001},{"activeTime":1382004,"calorie":77.35391,"distance":1665.7422,"type":-1}],"age":30,"gender":"F","height":160.02,"stepCount":3488,"weight":65.0}