{"activityLevel":180003,"activityList":[{"activeTime":5255276,"calorie":313.04404,"distance":6364.7603,"type":-1}],"age":32,"gender":"F","height":157.48,"stepCount":8573,"weight":60.736015}