{"activityLevel":180003,"activityList":[{"activeTime":1805928,"calorie":159.44,"distance":0.0,"type":0},{"activeTime":1074662,"calorie":54.319233,"distance":1154.6804,"type":-1}],"age":31,"gender":"F","height":160.02,"stepCount":1656,"weight":62.41431}