{"activityLevel":180003,"activityList":[{"activeTime":4792519,"calorie":238.94579,"distance":5181.0996,"type":-1}],"age":31,"gender":"F","height":160.02,"stepCount":7378,"weight":62.41431}