{"activityLevel":0,"activityList":[{"activeTime":1354718,"calorie":108.0,"distance":1632.394,"type":1001},{"activeTime":2663534,"calorie":141.57729,"distance":3134.2297,"type":-1}],"age":31,"gender":"F","height":160.02,"stepCount":6949,"weight":63.185417}