{"activityLevel":180003,"activityList":[{"activeTime":3384995,"calorie":167.20131,"distance":3677.3232,"type":-1}],"age":31,"gender":"F","height":160.02,"stepCount":5251,"weight":62.41431}