{"activityLevel":180003,"activityList":[{"activeTime":645598,"calorie":33.94044,"distance":763.7561,"type":1001},{"activeTime":3423404,"calorie":174.09901,"distance":3764.3901,"type":-1}],"age":32,"gender":"F","height":160.02,"stepCount":6299,"weight":60.7361}