{"activityLevel":180003,"activityList":[{"activeTime":2549497,"calorie":130.21696,"distance":2782.1333,"type":-1}],"age":31,"gender":"F","height":160.02,"stepCount":3965,"weight":61.96072}