{"activityLevel":0,"activityList":[{"activeTime":714636,"calorie":37.286987,"distance":832.52344,"type":1001},{"activeTime":5890304,"calorie":315.27625,"distance":6915.894,"type":-1}],"age":31,"gender":"F","height":160.02,"stepCount":10944,"weight":63.185417}