{"activityLevel":180003,"activityList":[{"activeTime":3957221,"calorie":202.68787,"distance":4637.2456,"type":-1}],"age":32,"gender":"F","height":157.48,"stepCount":6581,"weight":59.82883}