{"activityLevel":0,"activityList":[{"activeTime":2387419,"calorie":134.87447,"distance":3000.69,"type":1001},{"activeTime":4406351,"calorie":231.82555,"distance":5105.885,"type":-1}],"age":31,"gender":"F","height":160.02,"stepCount":11361,"weight":63.185417}