{"activityLevel":180003,"activityList":[{"activeTime":1669778,"calorie":83.08309,"distance":1907.2848,"type":-1}],"age":32,"gender":"F","height":157.48,"stepCount":2732,"weight":60.28242}