{"activityLevel":180003,"activityList":[{"activeTime":3615544,"calorie":180.78429,"distance":3979.1138,"type":-1}],"age":31,"gender":"F","height":160.02,"stepCount":5634,"weight":61.96072}