{"activityLevel":180003,"activityList":[{"activeTime":3140141,"calorie":170.44403,"distance":3700.2068,"type":-1}],"age":31,"gender":"F","height":160.02,"stepCount":5153,"weight":62.41431}