{"activityLevel":0,"activityList":[{"activeTime":1535838,"calorie":86.2442,"distance":1916.4746,"type":1001},{"activeTime":5273550,"calorie":269.84103,"distance":5839.3237,"type":-1}],"age":31,"gender":"F","height":160.02,"stepCount":11017,"weight":63.185417}