{"activityLevel":0,"activityList":[{"activeTime":1285266,"calorie":98.0,"distance":1255.6599,"type":1001},{"activeTime":3926708,"calorie":198.89224,"distance":4334.01,"type":-1}],"age":31,"gender":"F","height":160.02,"stepCount":7935,"weight":63.185417}