{"activityLevel":180003,"activityList":[{"activeTime":3547687,"calorie":178.05681,"distance":3764.0972,"type":-1}],"age":31,"gender":"F","height":160.02,"stepCount":5376,"weight":61.96072}