{"activityLevel":180003,"activityList":[{"activeTime":1652000,"calorie":57.0,"distance":750.0,"type":1001},{"activeTime":426800,"calorie":23.055813,"distance":489.88892,"type":-1}],"age":31,"gender":"F","height":160.02,"stepCount":989,"weight":59.6928}