{"activityLevel":180003,"activityList":[{"activeTime":3479164,"calorie":171.83122,"distance":3948.9985,"type":-1}],"age":32,"gender":"F","height":157.48,"stepCount":5543,"weight":59.82883}