{"activityLevel":180003,"activityList":[{"activeTime":1139766,"calorie":61.86792,"distance":1409.3724,"type":1001},{"activeTime":2079250,"calorie":107.24662,"distance":2391.3562,"type":-1}],"age":32,"gender":"F","height":157.48,"stepCount":5375,"weight":60.9629}