{"activityLevel":180003,"activityList":[{"activeTime":2496914,"calorie":126.35981,"distance":2862.6345,"type":-1}],"age":32,"gender":"F","height":157.48,"stepCount":4055,"weight":59.82883}