{"activityLevel":180003,"activityList":[{"activeTime":3738323,"calorie":195.28383,"distance":4249.269,"type":-1}],"age":31,"gender":"F","height":160.02,"stepCount":5984,"weight":61.96072}