{"activityLevel":180003,"activityList":[{"activeTime":650627,"calorie":49.0,"distance":552.0,"type":1001},{"activeTime":2824872,"calorie":145.74867,"distance":3118.0464,"type":-1}],"age":31,"gender":"F","height":160.02,"stepCount":5125,"weight":61.96072}