{"activityLevel":0,"activityList":[{"activeTime":2109267,"calorie":170.0,"distance":2157.6199,"type":1001},{"activeTime":3438992,"calorie":185.64618,"distance":3957.2856,"type":-1}],"age":30,"gender":"F","height":160.02,"stepCount":8646,"weight":63.185417}