{"activityLevel":180003,"activityList":[{"activeTime":3530861,"calorie":181.38635,"distance":4121.9863,"type":-1}],"age":32,"gender":"F","height":157.48,"stepCount":5822,"weight":59.82883}