{"activityLevel":180003,"activityList":[{"activeTime":4447113,"calorie":228.78223,"distance":5067.6265,"type":-1}],"age":32,"gender":"F","height":157.48,"stepCount":7006,"weight":59.82883}