{"activityLevel":180003,"activityList":[{"activeTime":671962,"calorie":54.0,"distance":604.84,"type":1001},{"activeTime":3335589,"calorie":171.34082,"distance":3742.4927,"type":-1}],"age":31,"gender":"F","height":160.02,"stepCount":6160,"weight":61.96072}