{"activityLevel":0,"activityList":[{"activeTime":2358675,"calorie":189.0,"distance":2496.96,"type":1001},{"activeTime":2499408,"calorie":129.85715,"distance":2827.6208,"type":-1}],"age":31,"gender":"F","height":160.02,"stepCount":7825,"weight":63.185417}