{"activityLevel":180003,"activityList":[{"activeTime":1435473,"calorie":84.785324,"distance":1965.213,"type":1001},{"activeTime":2248704,"calorie":107.97028,"distance":2436.132,"type":-1}],"age":32,"gender":"F","height":157.48,"stepCount":6157,"weight":60.9629}