{"activityLevel":180003,"activityList":[{"activeTime":1730864,"calorie":83.794975,"distance":1795.1484,"type":-1}],"age":31,"gender":"F","height":160.02,"stepCount":2597,"weight":62.41431}