{"activityLevel":180003,"activityList":[{"activeTime":4510339,"calorie":237.52013,"distance":5427.2515,"type":-1}],"age":32,"gender":"F","height":157.48,"stepCount":7661,"weight":60.28242}