{"activityLevel":180003,"activityList":[{"activeTime":3472059,"calorie":182.88756,"distance":3982.3528,"type":-1}],"age":31,"gender":"F","height":160.02,"stepCount":5600,"weight":62.41431}