{"activityLevel":180003,"activityList":[{"activeTime":4432568,"calorie":223.46626,"distance":5021.4595,"type":-1}],"age":32,"gender":"F","height":157.48,"stepCount":7085,"weight":60.28242}