{"activityLevel":180003,"activityList":[{"activeTime":2525859,"calorie":128.93951,"distance":2944.9006,"type":-1}],"age":32,"gender":"F","height":157.48,"stepCount":4126,"weight":59.82883}