{"activityLevel":180003,"activityList":[{"activeTime":1208302,"calorie":60.029427,"distance":1295.5533,"type":-1}],"age":31,"gender":"F","height":160.02,"stepCount":1840,"weight":62.41431}