{"activityLevel":180003,"activityList":[{"activeTime":4687875,"calorie":241.88387,"distance":5195.905,"type":-1}],"age":31,"gender":"F","height":160.02,"stepCount":7416,"weight":62.41431}