{"activityLevel":180003,"activityList":[{"activeTime":2492923,"calorie":131.17558,"distance":2777.893,"type":-1}],"age":31,"gender":"F","height":160.02,"stepCount":3884,"weight":62.41431}