{"activityLevel":180003,"activityList":[{"activeTime":7684325,"calorie":394.93494,"distance":8520.869,"type":-1}],"age":31,"gender":"F","height":160.02,"stepCount":12112,"weight":62.41431}