{"activityLevel":180003,"activityList":[{"activeTime":3490489,"calorie":170.35135,"distance":3892.9995,"type":-1}],"age":32,"gender":"F","height":157.48,"stepCount":5463,"weight":59.82883}