{"activityLevel":180003,"activityList":[{"activeTime":2996390,"calorie":234.0249,"distance":4959.5664,"type":1001},{"activeTime":5167505,"calorie":256.08218,"distance":5986.367,"type":-1}],"age":32,"gender":"F","height":157.48,"stepCount":14755,"weight":59.82883}