{"activityLevel":0,"activityList":[{"activeTime":2431355,"calorie":142.94958,"distance":2524.8145,"type":1001},{"activeTime":4132258,"calorie":211.5288,"distance":4549.6733,"type":-1}],"age":31,"gender":"F","height":160.02,"stepCount":10161,"weight":62.41431}