{"activityLevel":180003,"activityList":[{"activeTime":3385498,"calorie":172.64825,"distance":3911.622,"type":-1}],"age":32,"gender":"F","height":157.48,"stepCount":5494,"weight":59.82883}