{"activityLevel":180003,"activityList":[{"activeTime":2978473,"calorie":143.63742,"distance":3305.2183,"type":-1}],"age":32,"gender":"F","height":157.48,"stepCount":4697,"weight":59.82883}