{"activityLevel":180003,"activityList":[{"activeTime":3547405,"calorie":178.90327,"distance":4095.7515,"type":-1}],"age":32,"gender":"F","height":157.48,"stepCount":5795,"weight":60.28242}