{"activityLevel":180003,"activityList":[{"activeTime":3818664,"calorie":191.15697,"distance":4427.3726,"type":-1}],"age":32,"gender":"F","height":157.48,"stepCount":6365,"weight":59.82883}