{"activityLevel":180003,"activityList":[{"activeTime":848857,"calorie":77.0,"distance":718.57,"type":1001},{"activeTime":3726367,"calorie":190.16339,"distance":4047.399,"type":-1}],"age":31,"gender":"F","height":160.02,"stepCount":6836,"weight":62.41431}