{"activityLevel":180003,"activityList":[{"activeTime":719543,"calorie":65.0,"distance":611.77,"type":1001},{"activeTime":2461917,"calorie":131.64514,"distance":2734.5107,"type":-1}],"age":31,"gender":"F","height":160.02,"stepCount":4742,"weight":62.41431}