{"activityLevel":180003,"activityList":[{"activeTime":1231212,"calorie":70.613525,"distance":1632.5935,"type":1001},{"activeTime":1290965,"calorie":68.58101,"distance":1517.8651,"type":-1}],"age":31,"gender":"F","height":160.02,"stepCount":4298,"weight":60.0103}