{"activityLevel":180003,"activityList":[{"activeTime":1477457,"calorie":81.09534,"distance":1884.2227,"type":1001},{"activeTime":1022820,"calorie":50.36959,"distance":1116.3203,"type":-1}],"age":31,"gender":"F","height":160.02,"stepCount":4160,"weight":60.6}