{"activityLevel":0,"activityList":[{"activeTime":1293259,"calorie":79.91108,"distance":1724.8915,"type":1001},{"activeTime":4754862,"calorie":261.16702,"distance":5604.1997,"type":-1}],"age":30,"gender":"F","height":160.02,"stepCount":10172,"weight":65.0}