{"activityLevel":180003,"activityList":[{"activeTime":5927972,"calorie":297.32523,"distance":6588.3516,"type":-1}],"age":31,"gender":"F","height":160.02,"stepCount":9365,"weight":61.96072}