{"activityLevel":180003,"activityList":[{"activeTime":2876611,"calorie":145.06836,"distance":3295.357,"type":-1}],"age":32,"gender":"F","height":157.48,"stepCount":4675,"weight":59.82883}